GISJOIN,YEAR,STATEID,COUNTYID,FID,NID,TRACTID
24029950100,2010,24,29,30754,30754,24029950100
24029950200,2010,24,29,30755,30755,24029950200
24029950300,2010,24,29,30756,30756,24029950300
24029950500,2010,24,29,30757,30757,24029950500
24029950400,2010,24,29,30758,30758,24029950400
24029990000,2010,24,29,30759,30759,24029990000
24017850500,2010,24,17,30760,30760,24017850500
24017850600,2010,24,17,30761,30761,24017850600
24017851002,2010,24,17,30762,30762,24017851002
24017851100,2010,24,17,30763,30763,24017851100
24017850300,2010,24,17,30764,30764,24017850300
24017850400,2010,24,17,30765,30765,24017850400
24011955600,2010,24,11,30766,30766,24011955600
24011955000,2010,24,11,30767,30767,24011955000
24011955100,2010,24,11,30768,30768,24011955100
24011955500,2010,24,11,30769,30769,24011955500
24011955400,2010,24,11,30770,30770,24011955400
24011955301,2010,24,11,30771,30771,24011955301
24011955202,2010,24,11,30772,30772,24011955202
24011955302,2010,24,11,30773,30773,24011955302
24011955201,2010,24,11,30774,30774,24011955201
24017851200,2010,24,17,30775,30775,24017851200
24017850904,2010,24,17,30776,30776,24017850904
24017850901,2010,24,17,30777,30777,24017850901
24017850902,2010,24,17,30778,30778,24017850902
24017851001,2010,24,17,30779,30779,24017851001
24017850906,2010,24,17,30780,30780,24017850906
24017850801,2010,24,17,30781,30781,24017850801
24017850802,2010,24,17,30782,30782,24017850802
24017850201,2010,24,17,30783,30783,24017850201
24017850202,2010,24,17,30784,30784,24017850202
24017851400,2010,24,17,30785,30785,24017851400
24017850905,2010,24,17,30786,30786,24017850905
24017850102,2010,24,17,30787,30787,24017850102
24017850101,2010,24,17,30788,30788,24017850101
24017850713,2010,24,17,30789,30789,24017850713
24017850712,2010,24,17,30790,30790,24017850712
24017850708,2010,24,17,30791,30791,24017850708
24017850709,2010,24,17,30792,30792,24017850709
24017850706,2010,24,17,30793,30793,24017850706
24017850711,2010,24,17,30794,30794,24017850711
24017850710,2010,24,17,30795,30795,24017850710
24017851301,2010,24,17,30796,30796,24017851301
24017851302,2010,24,17,30797,30797,24017851302
24017990000,2010,24,17,30798,30798,24017990000
24017851500,2010,24,17,30799,30799,24017851500
24510151000,2010,24,510,30800,30800,24510151000
24510080700,2010,24,510,30801,30801,24510080700
24510080500,2010,24,510,30802,30802,24510080500
24510150500,2010,24,510,30803,30803,24510150500
24510120100,2010,24,510,30804,30804,24510120100
24510090900,2010,24,510,30805,30805,24510090900
24510280301,2010,24,510,30806,30806,24510280301
24510130803,2010,24,510,30807,30807,24510130803
24510130700,2010,24,510,30808,30808,24510130700
24510130600,2010,24,510,30809,30809,24510130600
24510100100,2010,24,510,30810,30810,24510100100
24510110100,2010,24,510,30811,30811,24510110100
24510270501,2010,24,510,30812,30812,24510270501
24510270302,2010,24,510,30813,30813,24510270302
24510270401,2010,24,510,30814,30814,24510270401
24510120700,2010,24,510,30815,30815,24510120700
24510271200,2010,24,510,30816,30816,24510271200
24510110200,2010,24,510,30817,30817,24510110200
24510271002,2010,24,510,30818,30818,24510271002
24510280404,2010,24,510,30819,30819,24510280404
24510270804,2010,24,510,30820,30820,24510270804
24510260203,2010,24,510,30821,30821,24510260203
24510260101,2010,24,510,30822,30822,24510260101
24510260102,2010,24,510,30823,30823,24510260102
24510090800,2010,24,510,30824,30824,24510090800
24510090300,2010,24,510,30825,30825,24510090300
24510270801,2010,24,510,30826,30826,24510270801
24510120400,2010,24,510,30827,30827,24510120400
24510090200,2010,24,510,30828,30828,24510090200
24510271001,2010,24,510,30829,30829,24510271001
24510130200,2010,24,510,30830,30830,24510130200
24510140100,2010,24,510,30831,30831,24510140100
24510270600,2010,24,510,30832,30832,24510270600
24510270701,2010,24,510,30833,30833,24510270701
24510130100,2010,24,510,30834,30834,24510130100
24510270803,2010,24,510,30835,30835,24510270803
24510280200,2010,24,510,30836,30836,24510280200
24510280302,2010,24,510,30837,30837,24510280302
24510130804,2010,24,510,30838,30838,24510130804
24510271101,2010,24,510,30839,30839,24510271101
24510271102,2010,24,510,30840,30840,24510271102
24510150800,2010,24,510,30841,30841,24510150800
24510270301,2010,24,510,30842,30842,24510270301
24510170100,2010,24,510,30843,30843,24510170100
24510090500,2010,24,510,30844,30844,24510090500
24510170200,2010,24,510,30845,30845,24510170200
24510090600,2010,24,510,30846,30846,24510090600
24510120300,2010,24,510,30847,30847,24510120300
24510120500,2010,24,510,30848,30848,24510120500
24510130300,2010,24,510,30849,30849,24510130300
24510120600,2010,24,510,30850,30850,24510120600
24510100200,2010,24,510,30851,30851,24510100200
24510150400,2010,24,510,30852,30852,24510150400
24510261000,2010,24,510,30853,30853,24510261000
24510280403,2010,24,510,30854,30854,24510280403
24510010400,2010,24,510,30855,30855,24510010400
24510250303,2010,24,510,30856,30856,24510250303
24510260303,2010,24,510,30857,30857,24510260303
24510200701,2010,24,510,30858,30858,24510200701
24510272003,2010,24,510,30859,30859,24510272003
24510070200,2010,24,510,30860,30860,24510070200
24510280102,2010,24,510,30861,30861,24510280102
24510151200,2010,24,510,30862,30862,24510151200
24510260900,2010,24,510,30863,30863,24510260900
24510200400,2010,24,510,30864,30864,24510200400
24510261100,2010,24,510,30865,30865,24510261100
24510200500,2010,24,510,30866,30866,24510200500
24510250103,2010,24,510,30867,30867,24510250103
24510260301,2010,24,510,30868,30868,24510260301
24510200600,2010,24,510,30869,30869,24510200600
24510130806,2010,24,510,30870,30870,24510130806
24510270702,2010,24,510,30871,30871,24510270702
24510180200,2010,24,510,30872,30872,24510180200
24510190100,2010,24,510,30873,30873,24510190100
24510270805,2010,24,510,30874,30874,24510270805
24510200200,2010,24,510,30875,30875,24510200200
24510150702,2010,24,510,30876,30876,24510150702
24510270402,2010,24,510,30877,30877,24510270402
24510250206,2010,24,510,30878,30878,24510250206
24510150701,2010,24,510,30879,30879,24510150701
24510151100,2010,24,510,30880,30880,24510151100
24510040100,2010,24,510,30881,30881,24510040100
24510270101,2010,24,510,30882,30882,24510270101
24510270200,2010,24,510,30883,30883,24510270200
24510190200,2010,24,510,30884,30884,24510190200
24510271501,2010,24,510,30885,30885,24510271501
24510210100,2010,24,510,30886,30886,24510210100
24510180300,2010,24,510,30887,30887,24510180300
24510180100,2010,24,510,30888,30888,24510180100
24510150100,2010,24,510,30889,30889,24510150100
24510200300,2010,24,510,30890,30890,24510200300
24510200100,2010,24,510,30891,30891,24510200100
24510090700,2010,24,510,30892,30892,24510090700
24510190300,2010,24,510,30893,30893,24510190300
24510090400,2010,24,510,30894,30894,24510090400
24510200702,2010,24,510,30895,30895,24510200702
24001000100,2010,24,1,30896,30896,24001000100
24001000200,2010,24,1,30897,30897,24001000200
24001000600,2010,24,1,30898,30898,24001000600
24001000300,2010,24,1,30899,30899,24001000300
24001001700,2010,24,1,30900,30900,24001001700
24001000800,2010,24,1,30901,30901,24001000800
24001000500,2010,24,1,30902,30902,24001000500
24001000700,2010,24,1,30903,30903,24001000700
24001001502,2010,24,1,30904,30904,24001001502
24001001000,2010,24,1,30905,30905,24001001000
24001001100,2010,24,1,30906,30906,24001001100
24001001200,2010,24,1,30907,30907,24001001200
24001001600,2010,24,1,30908,30908,24001001600
24001001300,2010,24,1,30909,30909,24001001300
24001002100,2010,24,1,30910,30910,24001002100
24001002200,2010,24,1,30911,30911,24001002200
24510250500,2010,24,510,30912,30912,24510250500
24510280401,2010,24,510,30913,30913,24510280401
24510160801,2010,24,510,30914,30914,24510160801
24510160802,2010,24,510,30915,30915,24510160802
24510270703,2010,24,510,30916,30916,24510270703
24510220100,2010,24,510,30917,30917,24510220100
24510250301,2010,24,510,30918,30918,24510250301
24510270502,2010,24,510,30919,30919,24510270502
24510030100,2010,24,510,30920,30920,24510030100
24510020200,2010,24,510,30921,30921,24510020200
24510250600,2010,24,510,30922,30922,24510250600
24510240200,2010,24,510,30923,30923,24510240200
24510150900,2010,24,510,30924,30924,24510150900
24510020300,2010,24,510,30925,30925,24510020300
24510270102,2010,24,510,30926,30926,24510270102
24510250207,2010,24,510,30927,30927,24510250207
24001001401,2010,24,1,30928,30928,24001001401
24001002000,2010,24,1,30929,30929,24001002000
24001001900,2010,24,1,30930,30930,24001001900
24001001503,2010,24,1,30931,30931,24001001503
24001001800,2010,24,1,30932,30932,24001001800
24001000400,2010,24,1,30933,30933,24001000400
24001001402,2010,24,1,30934,30934,24001001402
24510030200,2010,24,510,30935,30935,24510030200
24510250101,2010,24,510,30936,30936,24510250101
24510280402,2010,24,510,30937,30937,24510280402
24510080102,2010,24,510,30938,30938,24510080102
24510040200,2010,24,510,30939,30939,24510040200
24510200800,2010,24,510,30940,30940,24510200800
24510270903,2010,24,510,30941,30941,24510270903
24510060200,2010,24,510,30942,30942,24510060200
24510260800,2010,24,510,30943,30943,24510260800
24510160400,2010,24,510,30944,30944,24510160400
24510280101,2010,24,510,30945,30945,24510280101
24510250401,2010,24,510,30946,30946,24510250401
24510240400,2010,24,510,30947,30947,24510240400
24510250102,2010,24,510,30948,30948,24510250102
24510250205,2010,24,510,30949,30949,24510250205
24510240300,2010,24,510,30950,30950,24510240300
24510271802,2010,24,510,30951,30951,24510271802
24510060100,2010,24,510,30952,30952,24510060100
24510010300,2010,24,510,30953,30953,24510010300
24510010200,2010,24,510,30954,30954,24510010200
24510270902,2010,24,510,30955,30955,24510270902
24510010100,2010,24,510,30956,30956,24510010100
24510270901,2010,24,510,30957,30957,24510270901
24510270802,2010,24,510,30958,30958,24510270802
24510260605,2010,24,510,30959,30959,24510260605
24510250402,2010,24,510,30960,30960,24510250402
24510271801,2010,24,510,30961,30961,24510271801
24510260201,2010,24,510,30962,30962,24510260201
24510260401,2010,24,510,30963,30963,24510260401
24510271300,2010,24,510,30964,30964,24510271300
24510230100,2010,24,510,30965,30965,24510230100
24510080101,2010,24,510,30966,30966,24510080101
24510060300,2010,24,510,30967,30967,24510060300
24510140200,2010,24,510,30968,30968,24510140200
24510160100,2010,24,510,30969,30969,24510160100
24510160200,2010,24,510,30970,30970,24510160200
24510260404,2010,24,510,30971,30971,24510260404
24510150300,2010,24,510,30972,30972,24510150300
24510150200,2010,24,510,30973,30973,24510150200
24510160700,2010,24,510,30974,30974,24510160700
24510260202,2010,24,510,30975,30975,24510260202
24510271400,2010,24,510,30976,30976,24510271400
24510130805,2010,24,510,30977,30977,24510130805
24510140300,2010,24,510,30978,30978,24510140300
24510170300,2010,24,510,30979,30979,24510170300
24510080302,2010,24,510,30980,30980,24510080302
24510100300,2010,24,510,30981,30981,24510100300
24510260501,2010,24,510,30982,30982,24510260501
24510160300,2010,24,510,30983,30983,24510160300
24510130400,2010,24,510,30984,30984,24510130400
24510160600,2010,24,510,30985,30985,24510160600
24510271600,2010,24,510,30986,30986,24510271600
24510271700,2010,24,510,30987,30987,24510271700
24510151300,2010,24,510,30988,30988,24510151300
24510210200,2010,24,510,30989,30989,24510210200
24510271503,2010,24,510,30990,30990,24510271503
24510060400,2010,24,510,30991,30991,24510060400
24510250204,2010,24,510,30992,30992,24510250204
24510070400,2010,24,510,30993,30993,24510070400
24510230200,2010,24,510,30994,30994,24510230200
24510240100,2010,24,510,30995,30995,24510240100
24510020100,2010,24,510,30996,30996,24510020100
24510260604,2010,24,510,30997,30997,24510260604
24510120202,2010,24,510,30998,30998,24510120202
24510272007,2010,24,510,30999,30999,24510272007
24510272005,2010,24,510,31000,31000,24510272005
24510230300,2010,24,510,31001,31001,24510230300
24510260302,2010,24,510,31002,31002,24510260302
24510080200,2010,24,510,31003,31003,24510080200
24510080301,2010,24,510,31004,31004,24510080301
24510010500,2010,24,510,31005,31005,24510010500
24510070100,2010,24,510,31006,31006,24510070100
24510250203,2010,24,510,31007,31007,24510250203
24510070300,2010,24,510,31008,31008,24510070300
24510080600,2010,24,510,31009,31009,24510080600
24510271900,2010,24,510,31010,31010,24510271900
24510080400,2010,24,510,31011,31011,24510080400
24510120201,2010,24,510,31012,31012,24510120201
24510272004,2010,24,510,31013,31013,24510272004
24510272006,2010,24,510,31014,31014,24510272006
24510280500,2010,24,510,31015,31015,24510280500
24510260403,2010,24,510,31016,31016,24510260403
24510150600,2010,24,510,31017,31017,24510150600
24510080800,2010,24,510,31018,31018,24510080800
24510160500,2010,24,510,31019,31019,24510160500
24510090100,2010,24,510,31020,31020,24510090100
24510260402,2010,24,510,31021,31021,24510260402
24510260700,2010,24,510,31022,31022,24510260700
24047951000,2010,24,47,31023,31023,24047951000
24047950900,2010,24,47,31024,31024,24047950900
24047951400,2010,24,47,31025,31025,24047951400
24047951300,2010,24,47,31026,31026,24047951300
24047951500,2010,24,47,31027,31027,24047951500
24047950800,2010,24,47,31028,31028,24047950800
24047951200,2010,24,47,31029,31029,24047951200
24047951100,2010,24,47,31030,31030,24047951100
24047990000,2010,24,47,31031,31031,24047990000
24047951700,2010,24,47,31032,31032,24047951700
24047950000,2010,24,47,31033,31033,24047950000
24047980000,2010,24,47,31034,31034,24047980000
24047950300,2010,24,47,31035,31035,24047950300
24047950100,2010,24,47,31036,31036,24047950100
24047950700,2010,24,47,31037,31037,24047950700
24047950600,2010,24,47,31038,31038,24047950600
24047950400,2010,24,47,31039,31039,24047950400
24021752900,2010,24,21,31040,31040,24021752900
24021750600,2010,24,21,31041,31041,24021750600
24021750100,2010,24,21,31042,31042,24021750100
24021750300,2010,24,21,31043,31043,24021750300
24021750200,2010,24,21,31044,31044,24021750200
24021767600,2010,24,21,31045,31045,24021767600
24021740200,2010,24,21,31046,31046,24021740200
24021751600,2010,24,21,31047,31047,24021751600
24021767500,2010,24,21,31048,31048,24021767500
24021775302,2010,24,21,31049,31049,24021775302
24021766800,2010,24,21,31050,31050,24021766800
24021765100,2010,24,21,31051,31051,24021765100
24021772200,2010,24,21,31052,31052,24021772200
24021775400,2010,24,21,31053,31053,24021775400
24021770700,2010,24,21,31054,31054,24021770700
24021773500,2010,24,21,31055,31055,24021773500
24021775600,2010,24,21,31056,31056,24021775600
24021752301,2010,24,21,31057,31057,24021752301
24021752302,2010,24,21,31058,31058,24021752302
24021752502,2010,24,21,31059,31059,24021752502
24021752303,2010,24,21,31060,31060,24021752303
24021750504,2010,24,21,31061,31061,24021750504
24021750503,2010,24,21,31062,31062,24021750503
24021751003,2010,24,21,31063,31063,24021751003
24021751002,2010,24,21,31064,31064,24021751002
24021750802,2010,24,21,31065,31065,24021750802
24021750803,2010,24,21,31066,31066,24021750803
24021751202,2010,24,21,31067,31067,24021751202
24021750701,2010,24,21,31068,31068,24021750701
24021750702,2010,24,21,31069,31069,24021750702
24021751201,2010,24,21,31070,31070,24021751201
24021750506,2010,24,21,31071,31071,24021750506
24021751301,2010,24,21,31072,31072,24021751301
24021750801,2010,24,21,31073,31073,24021750801
24021751203,2010,24,21,31074,31074,24021751203
24021750505,2010,24,21,31075,31075,24021750505
24021751001,2010,24,21,31076,31076,24021751001
24021751004,2010,24,21,31077,31077,24021751004
24021752603,2010,24,21,31078,31078,24021752603
24021752501,2010,24,21,31079,31079,24021752501
24021752602,2010,24,21,31080,31080,24021752602
24021752601,2010,24,21,31081,31081,24021752601
24021752802,2010,24,21,31082,31082,24021752802
24021753001,2010,24,21,31083,31083,24021753001
24021751302,2010,24,21,31084,31084,24021751302
24021752801,2010,24,21,31085,31085,24021752801
24021752204,2010,24,21,31086,31086,24021752204
24021752102,2010,24,21,31087,31087,24021752102
24021752201,2010,24,21,31088,31088,24021752201
24021752101,2010,24,21,31089,31089,24021752101
24021751904,2010,24,21,31090,31090,24021751904
24021752202,2010,24,21,31091,31091,24021752202
24021751702,2010,24,21,31092,31092,24021751702
24021751802,2010,24,21,31093,31093,24021751802
24021751701,2010,24,21,31094,31094,24021751701
24021751801,2010,24,21,31095,31095,24021751801
24021751902,2010,24,21,31096,31096,24021751902
24021751903,2010,24,21,31097,31097,24021751903
24021751901,2010,24,21,31098,31098,24021751901
24021753002,2010,24,21,31099,31099,24021753002
24021752001,2010,24,21,31100,31100,24021752001
24041960100,2010,24,41,31101,31101,24041960100
24041960201,2010,24,41,31102,31102,24041960201
24041960300,2010,24,41,31103,31103,24041960300
24041960400,2010,24,41,31104,31104,24041960400
24041960600,2010,24,41,31105,31105,24041960600
24041960900,2010,24,41,31106,31106,24041960900
24041960700,2010,24,41,31107,31107,24041960700
24041960800,2010,24,41,31108,31108,24041960800
24041960501,2010,24,41,31109,31109,24041960501
24041990000,2010,24,41,31110,31110,24041990000
24041960502,2010,24,41,31111,31111,24041960502
24015030200,2010,24,15,31112,31112,24015030200
24015030501,2010,24,15,31113,31113,24015030501
24015030400,2010,24,15,31114,31114,24015030400
24015030903,2010,24,15,31115,31115,24015030903
24015030601,2010,24,15,31116,31116,24015030601
24015030503,2010,24,15,31117,31117,24015030503
24015030700,2010,24,15,31118,31118,24015030700
24015030100,2010,24,15,31119,31119,24015030100
24015031201,2010,24,15,31120,31120,24015031201
24015030904,2010,24,15,31121,31121,24015030904
24015031202,2010,24,15,31122,31122,24015031202
24015031400,2010,24,15,31123,31123,24015031400
24015030602,2010,24,15,31124,31124,24015030602
24015030506,2010,24,15,31125,31125,24015030506
24015030505,2010,24,15,31126,31126,24015030505
24015030906,2010,24,15,31127,31127,24015030906
24015031302,2010,24,15,31128,31128,24015031302
24015031301,2010,24,15,31129,31129,24015031301
24015030905,2010,24,15,31130,31130,24015030905
24023000400,2010,24,23,31131,31131,24023000400
24023000100,2010,24,23,31132,31132,24023000100
24023000200,2010,24,23,31133,31133,24023000200
24023000600,2010,24,23,31134,31134,24023000600
24023000300,2010,24,23,31135,31135,24023000300
24023000700,2010,24,23,31136,31136,24023000700
24023000500,2010,24,23,31137,31137,24023000500
24039930101,2010,24,39,31138,31138,24039930101
24039930300,2010,24,39,31139,31139,24039930300
24039930500,2010,24,39,31140,31140,24039930500
24039930600,2010,24,39,31141,31141,24039930600
24039980400,2010,24,39,31142,31142,24039980400
24039930102,2010,24,39,31143,31143,24039930102
24039930200,2010,24,39,31144,31144,24039930200
24039990100,2010,24,39,31145,31145,24039990100
24033801308,2010,24,33,31146,31146,24033801308
24033801302,2010,24,33,31147,31147,24033801302
24033801307,2010,24,33,31148,31148,24033801307
24033800701,2010,24,33,31149,31149,24033800701
24033802203,2010,24,33,31150,31150,24033802203
24033802204,2010,24,33,31151,31151,24033802204
24033801901,2010,24,33,31152,31152,24033801901
24033801904,2010,24,33,31153,31153,24033801904
24033801905,2010,24,33,31154,31154,24033801905
24033802406,2010,24,33,31155,31155,24033802406
24033802301,2010,24,33,31156,31156,24033802301
24033800413,2010,24,33,31157,31157,24033800413
24033800412,2010,24,33,31158,31158,24033800412
24033800514,2010,24,33,31159,31159,24033800514
24005491900,2010,24,5,31160,31160,24005491900
24005451600,2010,24,5,31161,31161,24005451600
24005404201,2010,24,5,31162,31162,24005404201
24005408704,2010,24,5,31163,31163,24005408704
24005408602,2010,24,5,31164,31164,24005408602
24005490703,2010,24,5,31165,31165,24005490703
24005402202,2010,24,5,31166,31166,24005402202
24005402305,2010,24,5,31167,31167,24005402305
24005402302,2010,24,5,31168,31168,24005402302
24033802404,2010,24,33,31169,31169,24033802404
24033801906,2010,24,33,31170,31170,24033801906
24033802103,2010,24,33,31171,31171,24033802103
24033802104,2010,24,33,31172,31172,24033802104
24033801802,2010,24,33,31173,31173,24033801802
24033801804,2010,24,33,31174,31174,24033801804
24005491100,2010,24,5,31175,31175,24005491100
24005411302,2010,24,5,31176,31176,24005411302
24005450300,2010,24,5,31177,31177,24005450300
24005451100,2010,24,5,31178,31178,24005451100
24005408200,2010,24,5,31179,31179,24005408200
24005406000,2010,24,5,31180,31180,24005406000
24005408100,2010,24,5,31181,31181,24005408100
24005405000,2010,24,5,31182,31182,24005405000
24005411307,2010,24,5,31183,31183,24005411307
24005402604,2010,24,5,31184,31184,24005402604
24005420402,2010,24,5,31185,31185,24005420402
24005401200,2010,24,5,31186,31186,24005401200
24033801805,2010,24,33,31187,31187,24033801805
24033802502,2010,24,33,31188,31188,24033802502
24033801801,2010,24,33,31189,31189,24033801801
24033802001,2010,24,33,31190,31190,24033802001
24033800504,2010,24,33,31191,31191,24033800504
24033800505,2010,24,33,31192,31192,24033800505
24033800518,2010,24,33,31193,31193,24033800518
24033800608,2010,24,33,31194,31194,24033800608
24005402506,2010,24,5,31195,31195,24005402506
24005410200,2010,24,5,31196,31196,24005410200
24005403601,2010,24,5,31197,31197,24005403601
24005411410,2010,24,5,31198,31198,24005411410
24005408703,2010,24,5,31199,31199,24005408703
24005420301,2010,24,5,31200,31200,24005420301
24005401400,2010,24,5,31201,31201,24005401400
24005411404,2010,24,5,31202,31202,24005411404
24005491600,2010,24,5,31203,31203,24005491600
24033800511,2010,24,33,31204,31204,24033800511
24033800509,2010,24,33,31205,31205,24033800509
24033800900,2010,24,33,31206,31206,24033800900
24033801104,2010,24,33,31207,31207,24033801104
24033801207,2010,24,33,31208,31208,24033801207
24033800103,2010,24,33,31209,31209,24033800103
24033800105,2010,24,33,31210,31210,24033800105
24033807305,2010,24,33,31211,31211,24033807305
24033805908,2010,24,33,31212,31212,24033805908
24005440300,2010,24,5,31213,31213,24005440300
24005402303,2010,24,5,31214,31214,24005402303
24005403202,2010,24,5,31215,31215,24005403202
24005402307,2010,24,5,31216,31216,24005402307
24005402404,2010,24,5,31217,31217,24005402404
24005490400,2010,24,5,31218,31218,24005490400
24005400900,2010,24,5,31219,31219,24005400900
24005402405,2010,24,5,31220,31220,24005402405
24005402403,2010,24,5,31221,31221,24005402403
24005402306,2010,24,5,31222,31222,24005402306
24005402304,2010,24,5,31223,31223,24005402304
24005403300,2010,24,5,31224,31224,24005403300
24005400702,2010,24,5,31225,31225,24005400702
24005401000,2010,24,5,31226,31226,24005401000
24033800206,2010,24,33,31227,31227,24033800206
24033800208,2010,24,33,31228,31228,24033800208
24033800102,2010,24,33,31229,31229,24033800102
24033800203,2010,24,33,31230,31230,24033800203
24033801500,2010,24,33,31231,31231,24033801500
24033801701,2010,24,33,31232,31232,24033801701
24033801405,2010,24,33,31233,31233,24033801405
24033801807,2010,24,33,31234,31234,24033801807
24033801404,2010,24,33,31235,31235,24033801404
24033801706,2010,24,33,31236,31236,24033801706
24033800519,2010,24,33,31237,31237,24033800519
24033800520,2010,24,33,31238,31238,24033800520
24033800516,2010,24,33,31239,31239,24033800516
24033800607,2010,24,33,31240,31240,24033800607
24033800515,2010,24,33,31241,31241,24033800515
24005404800,2010,24,5,31242,31242,24005404800
24005404600,2010,24,5,31243,31243,24005404600
24005451802,2010,24,5,31244,31244,24005451802
24005450504,2010,24,5,31245,31245,24005450504
24005404402,2010,24,5,31246,31246,24005404402
24005404202,2010,24,5,31247,31247,24005404202
24005411407,2010,24,5,31248,31248,24005411407
24005408900,2010,24,5,31249,31249,24005408900
24005403100,2010,24,5,31250,31250,24005403100
24005403702,2010,24,5,31251,31251,24005403702
24005451702,2010,24,5,31252,31252,24005451702
24005420100,2010,24,5,31253,31253,24005420100
24005491300,2010,24,5,31254,31254,24005491300
24005408702,2010,24,5,31255,31255,24005408702
24005440200,2010,24,5,31256,31256,24005440200
24005441000,2010,24,5,31257,31257,24005441000
24005411101,2010,24,5,31258,31258,24005411101
24005420900,2010,24,5,31259,31259,24005420900
24005420702,2010,24,5,31260,31260,24005420702
24005451500,2010,24,5,31261,31261,24005451500
24005452500,2010,24,5,31262,31262,24005452500
24005411406,2010,24,5,31263,31263,24005411406
24005411303,2010,24,5,31264,31264,24005411303
24033801600,2010,24,33,31265,31265,24033801600
24033801704,2010,24,33,31266,31266,24033801704
24033801702,2010,24,33,31267,31267,24033801702
24033803508,2010,24,33,31268,31268,24033803508
24033803602,2010,24,33,31269,31269,24033803602
24033803521,2010,24,33,31270,31270,24033803521
24033803523,2010,24,33,31271,31271,24033803523
24033800517,2010,24,33,31272,31272,24033800517
24033803520,2010,24,33,31273,31273,24033803520
24033803527,2010,24,33,31274,31274,24033803527
24005404501,2010,24,5,31275,31275,24005404501
24005441102,2010,24,5,31276,31276,24005441102
24005403701,2010,24,5,31277,31277,24005403701
24005408502,2010,24,5,31278,31278,24005408502
24005402504,2010,24,5,31279,31279,24005402504
24005402505,2010,24,5,31280,31280,24005402505
24005411409,2010,24,5,31281,31281,24005411409
24005402603,2010,24,5,31282,31282,24005402603
24005408507,2010,24,5,31283,31283,24005408507
24005491202,2010,24,5,31284,31284,24005491202
24005408400,2010,24,5,31285,31285,24005408400
24005408800,2010,24,5,31286,31286,24005408800
24005408503,2010,24,5,31287,31287,24005408503
24005408505,2010,24,5,31288,31288,24005408505
24005408506,2010,24,5,31289,31289,24005408506
24005420303,2010,24,5,31290,31290,24005420303
24005451300,2010,24,5,31291,31291,24005451300
24005452000,2010,24,5,31292,31292,24005452000
24005401503,2010,24,5,31293,31293,24005401503
24005401302,2010,24,5,31294,31294,24005401302
24005401102,2010,24,5,31295,31295,24005401102
24005400701,2010,24,5,31296,31296,24005400701
24033806400,2010,24,33,31297,31297,24033806400
24033807102,2010,24,33,31298,31298,24033807102
24033803605,2010,24,33,31299,31299,24033803605
24033803200,2010,24,33,31300,31300,24033803200
24033803601,2010,24,33,31301,31301,24033803601
24033803300,2010,24,33,31302,31302,24033803300
24033803513,2010,24,33,31303,31303,24033803513
24033803401,2010,24,33,31304,31304,24033803401
24033803402,2010,24,33,31305,31305,24033803402
24033800401,2010,24,33,31306,31306,24033800401
24005403201,2010,24,5,31307,31307,24005403201
24005402503,2010,24,5,31308,31308,24005402503
24005403802,2010,24,5,31309,31309,24005403802
24005440900,2010,24,5,31310,31310,24005440900
24005440800,2010,24,5,31311,31311,24005440800
24005450503,2010,24,5,31312,31312,24005450503
24005491402,2010,24,5,31313,31313,24005491402
24005408601,2010,24,5,31314,31314,24005408601
24005440600,2010,24,5,31315,31315,24005440600
24005490602,2010,24,5,31316,31316,24005490602
24005401301,2010,24,5,31317,31317,24005401301
24005420302,2010,24,5,31318,31318,24005420302
24005420500,2010,24,5,31319,31319,24005420500
24033806601,2010,24,33,31320,31320,24033806601
24033806602,2010,24,33,31321,31321,24033806602
24033803509,2010,24,33,31322,31322,24033803509
24033803613,2010,24,33,31323,31323,24033803613
24033803610,2010,24,33,31324,31324,24033803610
24033800402,2010,24,33,31325,31325,24033800402
24033800403,2010,24,33,31326,31326,24033800403
24033800409,2010,24,33,31327,31327,24033800409
24033806712,2010,24,33,31328,31328,24033806712
24033806501,2010,24,33,31329,31329,24033806501
24033806000,2010,24,33,31330,31330,24033806000
24033800707,2010,24,33,31331,31331,24033800707
24033800705,2010,24,33,31332,31332,24033800705
24033801004,2010,24,33,31333,31333,24033801004
24033801214,2010,24,33,31334,31334,24033801214
24033800706,2010,24,33,31335,31335,24033800706
24033801006,2010,24,33,31336,31336,24033801006
24033801311,2010,24,33,31337,31337,24033801311
24005451803,2010,24,5,31338,31338,24005451803
24005450900,2010,24,5,31339,31339,24005450900
24005452100,2010,24,5,31340,31340,24005452100
24005451801,2010,24,5,31341,31341,24005451801
24005451200,2010,24,5,31342,31342,24005451200
24005451701,2010,24,5,31343,31343,24005451701
24005452400,2010,24,5,31344,31344,24005452400
24005430800,2010,24,5,31345,31345,24005430800
24005401505,2010,24,5,31346,31346,24005401505
24005490800,2010,24,5,31347,31347,24005490800
24005490601,2010,24,5,31348,31348,24005490601
24005401504,2010,24,5,31349,31349,24005401504
24005490701,2010,24,5,31350,31350,24005490701
24005980200,2010,24,5,31351,31351,24005980200
24033803606,2010,24,33,31352,31352,24033803606
24033803607,2010,24,33,31353,31353,24033803607
24033803608,2010,24,33,31354,31354,24033803608
24033806706,2010,24,33,31355,31355,24033806706
24033806800,2010,24,33,31356,31356,24033806800
24033807301,2010,24,33,31357,31357,24033807301
24033806100,2010,24,33,31358,31358,24033806100
24033806200,2010,24,33,31359,31359,24033806200
24033805202,2010,24,33,31360,31360,24033805202
24033805500,2010,24,33,31361,31361,24033805500
24033805801,2010,24,33,31362,31362,24033805801
24033805904,2010,24,33,31363,31363,24033805904
24033807200,2010,24,33,31364,31364,24033807200
24005452300,2010,24,5,31365,31365,24005452300
24005450800,2010,24,5,31366,31366,24005450800
24005402201,2010,24,5,31367,31367,24005402201
24005400500,2010,24,5,31368,31368,24005400500
24005401101,2010,24,5,31369,31369,24005401101
24005490605,2010,24,5,31370,31370,24005490605
24005451900,2010,24,5,31371,31371,24005451900
24005408302,2010,24,5,31372,31372,24005408302
24005430300,2010,24,5,31373,31373,24005430300
24005401507,2010,24,5,31374,31374,24005401507
24005401506,2010,24,5,31375,31375,24005401506
24033802002,2010,24,33,31376,31376,24033802002
24033806900,2010,24,33,31377,31377,24033806900
24033807000,2010,24,33,31378,31378,24033807000
24033802501,2010,24,33,31379,31379,24033802501
24033806710,2010,24,33,31380,31380,24033806710
24033804900,2010,24,33,31381,31381,24033804900
24033805000,2010,24,33,31382,31382,24033805000
24033805101,2010,24,33,31383,31383,24033805101
24005400600,2010,24,5,31384,31384,24005400600
24005400100,2010,24,5,31385,31385,24005400100
24005400200,2010,24,5,31386,31386,24005400200
24005430600,2010,24,5,31387,31387,24005430600
24005430101,2010,24,5,31388,31388,24005430101
24005430900,2010,24,5,31389,31389,24005430900
24005430200,2010,24,5,31390,31390,24005430200
24005490900,2010,24,5,31391,31391,24005490900
24005491000,2010,24,5,31392,31392,24005491000
24005451000,2010,24,5,31393,31393,24005451000
24005491201,2010,24,5,31394,31394,24005491201
24005402407,2010,24,5,31395,31395,24005402407
24005404404,2010,24,5,31396,31396,24005404404
24005404102,2010,24,5,31397,31397,24005404102
24005404101,2010,24,5,31398,31398,24005404101
24033806708,2010,24,33,31399,31399,24033806708
24033800408,2010,24,33,31400,31400,24033800408
24033803612,2010,24,33,31401,31401,24033803612
24033803519,2010,24,33,31402,31402,24033803519
24033803512,2010,24,33,31403,31403,24033803512
24033805201,2010,24,33,31404,31404,24033805201
24033805802,2010,24,33,31405,31405,24033805802
24033806711,2010,24,33,31406,31406,24033806711
24033805700,2010,24,33,31407,31407,24033805700
24033801209,2010,24,33,31408,31408,24033801209
24033801313,2010,24,33,31409,31409,24033801313
24033801211,2010,24,33,31410,31410,24033801211
24033801215,2010,24,33,31411,31411,24033801215
24033801005,2010,24,33,31412,31412,24033801005
24033801217,2010,24,33,31413,31413,24033801217
24005430400,2010,24,5,31414,31414,24005430400
24005421101,2010,24,5,31415,31415,24005421101
24005421102,2010,24,5,31416,31416,24005421102
24005420401,2010,24,5,31417,31417,24005420401
24005420800,2010,24,5,31418,31418,24005420800
24005421200,2010,24,5,31419,31419,24005421200
24005490603,2010,24,5,31420,31420,24005490603
24005400400,2010,24,5,31421,31421,24005400400
24005490200,2010,24,5,31422,31422,24005490200
24005490301,2010,24,5,31423,31423,24005490301
24005492102,2010,24,5,31424,31424,24005492102
24005491500,2010,24,5,31425,31425,24005491500
24005491401,2010,24,5,31426,31426,24005491401
24005411201,2010,24,5,31427,31427,24005411201
24005402509,2010,24,5,31428,31428,24005402509
24005492401,2010,24,5,31429,31429,24005492401
24005492402,2010,24,5,31430,31430,24005492402
24005403402,2010,24,5,31431,31431,24005403402
24005403401,2010,24,5,31432,31432,24005403401
24005408304,2010,24,5,31433,31433,24005408304
24005408303,2010,24,5,31434,31434,24005408303
24005407002,2010,24,5,31435,31435,24005407002
24005407001,2010,24,5,31436,31436,24005407001
24005411309,2010,24,5,31437,31437,24005411309
24005411308,2010,24,5,31438,31438,24005411308
24005430104,2010,24,5,31439,31439,24005430104
24033803516,2010,24,33,31440,31440,24033803516
24033801707,2010,24,33,31441,31441,24033801707
24033801708,2010,24,33,31442,31442,24033801708
24033801808,2010,24,33,31443,31443,24033801808
24033802405,2010,24,33,31444,31444,24033802405
24033801406,2010,24,33,31445,31445,24033801406
24033801407,2010,24,33,31446,31446,24033801407
24033800604,2010,24,33,31447,31447,24033800604
24033800606,2010,24,33,31448,31448,24033800606
24033801309,2010,24,33,31449,31449,24033801309
24033802201,2010,24,33,31450,31450,24033802201
24033802803,2010,24,33,31451,31451,24033802803
24033802600,2010,24,33,31452,31452,24033802600
24033804700,2010,24,33,31453,31453,24033804700
24033802700,2010,24,33,31454,31454,24033802700
24033800209,2010,24,33,31455,31455,24033800209
24033800106,2010,24,33,31456,31456,24033800106
24033800211,2010,24,33,31457,31457,24033800211
24033800210,2010,24,33,31458,31458,24033800210
24033801208,2010,24,33,31459,31459,24033801208
24033801216,2010,24,33,31460,31460,24033801216
24033801210,2010,24,33,31461,31461,24033801210
24033801213,2010,24,33,31462,31462,24033801213
24033801409,2010,24,33,31463,31463,24033801409
24033801411,2010,24,33,31464,31464,24033801411
24043011201,2010,24,43,31465,31465,24043011201
24043010801,2010,24,43,31466,31466,24043010801
24043011301,2010,24,43,31467,31467,24043011301
24043011500,2010,24,43,31468,31468,24043011500
24005420600,2010,24,5,31469,31469,24005420600
24005490100,2010,24,5,31470,31470,24005490100
24005421000,2010,24,5,31471,31471,24005421000
24005420701,2010,24,5,31472,31472,24005420701
24005420200,2010,24,5,31473,31473,24005420200
24005411202,2010,24,5,31474,31474,24005411202
24005451402,2010,24,5,31475,31475,24005451402
24005980100,2010,24,5,31476,31476,24005980100
24005404403,2010,24,5,31477,31477,24005404403
24005402406,2010,24,5,31478,31478,24005402406
24005451401,2010,24,5,31479,31479,24005451401
24005492300,2010,24,5,31480,31480,24005492300
24033802804,2010,24,33,31481,31481,24033802804
24033802901,2010,24,33,31482,31482,24033802901
24033803001,2010,24,33,31483,31483,24033803001
24033803002,2010,24,33,31484,31484,24033803002
24033803100,2010,24,33,31485,31485,24033803100
24033802805,2010,24,33,31486,31486,24033802805
24033803514,2010,24,33,31487,31487,24033803514
24033805602,2010,24,33,31488,31488,24033805602
24033805601,2010,24,33,31489,31489,24033805601
24033807408,2010,24,33,31490,31490,24033807408
24033801410,2010,24,33,31491,31491,24033801410
24033801908,2010,24,33,31492,31492,24033801908
24033801907,2010,24,33,31493,31493,24033801907
24033802408,2010,24,33,31494,31494,24033802408
24033802107,2010,24,33,31495,31495,24033802107
24033803522,2010,24,33,31496,31496,24033803522
24043011600,2010,24,43,31497,31497,24043011600
24043010500,2010,24,43,31498,31498,24043010500
24043010802,2010,24,43,31499,31499,24043010802
24043010900,2010,24,43,31500,31500,24043010900
24043000400,2010,24,43,31501,31501,24043000400
24043000800,2010,24,43,31502,31502,24043000800
24043000900,2010,24,43,31503,31503,24043000900
24043001001,2010,24,43,31504,31504,24043001001
24043010600,2010,24,43,31505,31505,24043010600
24043010700,2010,24,43,31506,31506,24043010700
24043011400,2010,24,43,31507,31507,24043011400
24043010100,2010,24,43,31508,31508,24043010100
24043010200,2010,24,43,31509,31509,24043010200
24043000602,2010,24,43,31510,31510,24043000602
24043011000,2010,24,43,31511,31511,24043011000
24043011100,2010,24,43,31512,31512,24043011100
24043000301,2010,24,43,31513,31513,24043000301
24005450501,2010,24,5,31514,31514,24005450501
24005491701,2010,24,5,31515,31515,24005491701
24005492101,2010,24,5,31516,31516,24005492101
24005492001,2010,24,5,31517,31517,24005492001
24005490302,2010,24,5,31518,31518,24005490302
24005492002,2010,24,5,31519,31519,24005492002
24005411306,2010,24,5,31520,31520,24005411306
24005492200,2010,24,5,31521,31521,24005492200
24005492500,2010,24,5,31522,31522,24005492500
24005492600,2010,24,5,31523,31523,24005492600
24033807404,2010,24,33,31524,31524,24033807404
24033807407,2010,24,33,31525,31525,24033807407
24033807405,2010,24,33,31526,31526,24033807405
24033807304,2010,24,33,31527,31527,24033807304
24033803700,2010,24,33,31528,31528,24033803700
24033803900,2010,24,33,31529,31529,24033803900
24033800109,2010,24,33,31530,31530,24033800109
24033800213,2010,24,33,31531,31531,24033800213
24033803525,2010,24,33,31532,31532,24033803525
24033803524,2010,24,33,31533,31533,24033803524
24033806713,2010,24,33,31534,31534,24033806713
24033804802,2010,24,33,31535,31535,24033804802
24033805907,2010,24,33,31536,31536,24033805907
24033805909,2010,24,33,31537,31537,24033805909
24043010300,2010,24,43,31538,31538,24043010300
24043010400,2010,24,43,31539,31539,24043010400
24043000601,2010,24,43,31540,31540,24043000601
24043000700,2010,24,43,31541,31541,24043000700
24043000100,2010,24,43,31542,31542,24043000100
24043000500,2010,24,43,31543,31543,24043000500
24043011202,2010,24,43,31544,31544,24043011202
24043000200,2010,24,43,31545,31545,24043000200
24005980000,2010,24,5,31546,31546,24005980000
24005490500,2010,24,5,31547,31547,24005490500
24005421300,2010,24,5,31548,31548,24005421300
24005400800,2010,24,5,31549,31549,24005400800
24005441101,2010,24,5,31550,31550,24005441101
24005440701,2010,24,5,31551,31551,24005440701
24005440100,2010,24,5,31552,31552,24005440100
24005430700,2010,24,5,31553,31553,24005430700
24005411408,2010,24,5,31554,31554,24005411408
24005440400,2010,24,5,31555,31555,24005440400
24033804001,2010,24,33,31556,31556,24033804001
24033804002,2010,24,33,31557,31557,24033804002
24033804101,2010,24,33,31558,31558,24033804101
24033804102,2010,24,33,31559,31559,24033804102
24033804200,2010,24,33,31560,31560,24033804200
24033804300,2010,24,33,31561,31561,24033804300
24033804400,2010,24,33,31562,31562,24033804400
24033800215,2010,24,33,31563,31563,24033800215
24033800410,2010,24,33,31564,31564,24033800410
24033800411,2010,24,33,31565,31565,24033800411
24033806714,2010,24,33,31566,31566,24033806714
24033807409,2010,24,33,31567,31567,24033807409
24033807410,2010,24,33,31568,31568,24033807410
24033800212,2010,24,33,31569,31569,24033800212
24033800214,2010,24,33,31570,31570,24033800214
24033800513,2010,24,33,31571,31571,24033800513
24033801310,2010,24,33,31572,31572,24033801310
24033800704,2010,24,33,31573,31573,24033800704
24033802106,2010,24,33,31574,31574,24033802106
24043000302,2010,24,43,31575,31575,24043000302
24043001002,2010,24,43,31576,31576,24043001002
24043011302,2010,24,43,31577,31577,24043011302
24005403500,2010,24,5,31578,31578,24005403500
24005403803,2010,24,5,31579,31579,24005403803
24005404502,2010,24,5,31580,31580,24005404502
24005404900,2010,24,5,31581,31581,24005404900
24005450200,2010,24,5,31582,31582,24005450200
24005450100,2010,24,5,31583,31583,24005450100
24005440500,2010,24,5,31584,31584,24005440500
24005450400,2010,24,5,31585,31585,24005450400
24033806300,2010,24,33,31586,31586,24033806300
24033804600,2010,24,33,31587,31587,24033804600
24033803803,2010,24,33,31588,31588,24033803803
24033803801,2010,24,33,31589,31589,24033803801
24033800507,2010,24,33,31590,31590,24033800507
24033801305,2010,24,33,31591,31591,24033801305
24033800800,2010,24,33,31592,31592,24033800800
24033800601,2010,24,33,31593,31593,24033800601
24033800605,2010,24,33,31594,31594,24033800605
24033802407,2010,24,33,31595,31595,24033802407
24033801003,2010,24,33,31596,31596,24033801003
24033801408,2010,24,33,31597,31597,24033801408
24033805906,2010,24,33,31598,31598,24033805906
24033801312,2010,24,33,31599,31599,24033801312
24033801212,2010,24,33,31600,31600,24033801212
24033800108,2010,24,33,31601,31601,24033800108
24033804801,2010,24,33,31602,31602,24033804801
24033803526,2010,24,33,31603,31603,24033803526
24005440702,2010,24,5,31604,31604,24005440702
24005402602,2010,24,5,31605,31605,24005402602
24005403602,2010,24,5,31606,31606,24005403602
24005410100,2010,24,5,31607,31607,24005410100
24005411102,2010,24,5,31608,31608,24005411102
24005403801,2010,24,5,31609,31609,24005403801
24025301602,2010,24,25,31610,31610,24025301602
24025302400,2010,24,25,31611,31611,24025302400
24025302200,2010,24,25,31612,31612,24025302200
24025303300,2010,24,25,31613,31613,24025303300
24025303900,2010,24,25,31614,31614,24025303900
24025306100,2010,24,25,31615,31615,24025306100
24013507500,2010,24,13,31616,31616,24013507500
24013504202,2010,24,13,31617,31617,24013504202
24013503000,2010,24,13,31618,31618,24013503000
24013504100,2010,24,13,31619,31619,24013504100
24013505102,2010,24,13,31620,31620,24013505102
24013508200,2010,24,13,31621,31621,24013508200
24013512000,2010,24,13,31622,31622,24013512000
24013511000,2010,24,13,31623,31623,24013511000
24013505101,2010,24,13,31624,31624,24013505101
24013504201,2010,24,13,31625,31625,24013504201
24013502000,2010,24,13,31626,31626,24013502000
24013507601,2010,24,13,31627,31627,24013507601
24013507602,2010,24,13,31628,31628,24013507602
24013507802,2010,24,13,31629,31629,24013507802
24013506200,2010,24,13,31630,31630,24013506200
24013507702,2010,24,13,31631,31631,24013507702
24013507801,2010,24,13,31632,31632,24013507801
24013510000,2010,24,13,31633,31633,24013510000
24013514202,2010,24,13,31634,31634,24013514202
24013514201,2010,24,13,31635,31635,24013514201
24013514100,2010,24,13,31636,31636,24013514100
24013505203,2010,24,13,31637,31637,24013505203
24013501002,2010,24,13,31638,31638,24013501002
24013507704,2010,24,13,31639,31639,24013507704
24013506102,2010,24,13,31640,31640,24013506102
24013506101,2010,24,13,31641,31641,24013506101
24013505206,2010,24,13,31642,31642,24013505206
24013505208,2010,24,13,31643,31643,24013505208
24013508102,2010,24,13,31644,31644,24013508102
24013508101,2010,24,13,31645,31645,24013508101
24013509002,2010,24,13,31646,31646,24013509002
24013513002,2010,24,13,31647,31647,24013513002
24013513001,2010,24,13,31648,31648,24013513001
24013509001,2010,24,13,31649,31649,24013509001
24013507703,2010,24,13,31650,31650,24013507703
24013505205,2010,24,13,31651,31651,24013505205
24013505207,2010,24,13,31652,31652,24013505207
24013501001,2010,24,13,31653,31653,24013501001
24037876100,2010,24,37,31654,31654,24037876100
24037876200,2010,24,37,31655,31655,24037876200
24037875400,2010,24,37,31656,31656,24037875400
24037875500,2010,24,37,31657,31657,24037875500
24037875600,2010,24,37,31658,31658,24037875600
24037875000,2010,24,37,31659,31659,24037875000
24037875100,2010,24,37,31660,31660,24037875100
24037875700,2010,24,37,31661,31661,24037875700
24037876001,2010,24,37,31662,31662,24037876001
24037875802,2010,24,37,31663,31663,24037875802
24037875801,2010,24,37,31664,31664,24037875801
24037876002,2010,24,37,31665,31665,24037876002
24037875300,2010,24,37,31666,31666,24037875300
24037875202,2010,24,37,31667,31667,24037875202
24037990000,2010,24,37,31668,31668,24037990000
24037875902,2010,24,37,31669,31669,24037875902
24037875901,2010,24,37,31670,31670,24037875901
24037875201,2010,24,37,31671,31671,24037875201
24045010702,2010,24,45,31672,31672,24045010702
24045010800,2010,24,45,31673,31673,24045010800
24045010701,2010,24,45,31674,31674,24045010701
24045000100,2010,24,45,31675,31675,24045000100
24045010604,2010,24,45,31676,31676,24045010604
24045010603,2010,24,45,31677,31677,24045010603
24045010102,2010,24,45,31678,31678,24045010102
24045000200,2010,24,45,31679,31679,24045000200
24045010101,2010,24,45,31680,31680,24045010101
24045000300,2010,24,45,31681,31681,24045000300
24045010200,2010,24,45,31682,31682,24045010200
24045010300,2010,24,45,31683,31683,24045010300
24045000400,2010,24,45,31684,31684,24045000400
24045000500,2010,24,45,31685,31685,24045000500
24045010400,2010,24,45,31686,31686,24045010400
24045010502,2010,24,45,31687,31687,24045010502
24045010606,2010,24,45,31688,31688,24045010606
24045010605,2010,24,45,31689,31689,24045010605
24045010501,2010,24,45,31690,31690,24045010501
24025301601,2010,24,25,31691,31691,24025301601
24025305100,2010,24,25,31692,31692,24025305100
24025301401,2010,24,25,31693,31693,24025301401
24025302902,2010,24,25,31694,31694,24025302902
24025306200,2010,24,25,31695,31695,24025306200
24025301102,2010,24,25,31696,31696,24025301102
24025301202,2010,24,25,31697,31697,24025301202
24035810100,2010,24,35,31698,31698,24035810100
24035810200,2010,24,35,31699,31699,24035810200
24035810300,2010,24,35,31700,31700,24035810300
24035810400,2010,24,35,31701,31701,24035810400
24035810800,2010,24,35,31702,31702,24035810800
24035810500,2010,24,35,31703,31703,24035810500
24025301402,2010,24,25,31704,31704,24025301402
24025302100,2010,24,25,31705,31705,24025302100
24025301302,2010,24,25,31706,31706,24025301302
24025301301,2010,24,25,31707,31707,24025301301
24025301703,2010,24,25,31708,31708,24025301703
24025301108,2010,24,25,31709,31709,24025301108
24025301106,2010,24,25,31710,31710,24025301106
24025303606,2010,24,25,31711,31711,24025303606
24019970100,2010,24,19,31712,31712,24019970100
24019970200,2010,24,19,31713,31713,24019970200
24019970300,2010,24,19,31714,31714,24019970300
24019970900,2010,24,19,31715,31715,24019970900
24035811000,2010,24,35,31716,31716,24035811000
24035810700,2010,24,35,31717,31717,24035810700
24035810600,2010,24,35,31718,31718,24035810600
24035990200,2010,24,35,31719,31719,24035990200
24035990100,2010,24,35,31720,31720,24035990100
24035810901,2010,24,35,31721,31721,24035810901
24035990000,2010,24,35,31722,31722,24035990000
24035810902,2010,24,35,31723,31723,24035810902
24025301107,2010,24,25,31724,31724,24025301107
24025301105,2010,24,25,31725,31725,24025301105
24025303501,2010,24,25,31726,31726,24025303501
24025301205,2010,24,25,31727,31727,24025301205
24025301204,2010,24,25,31728,31728,24025301204
24019970400,2010,24,19,31729,31729,24019970400
24019970500,2010,24,19,31730,31730,24019970500
24019970600,2010,24,19,31731,31731,24019970600
24019970702,2010,24,19,31732,31732,24019970702
24019970804,2010,24,19,31733,31733,24019970804
24019990000,2010,24,19,31734,31734,24019990000
24025301704,2010,24,25,31735,31735,24025301704
24025303101,2010,24,25,31736,31736,24025303101
24025303102,2010,24,25,31737,31737,24025303102
24025304101,2010,24,25,31738,31738,24025304101
24025304102,2010,24,25,31739,31739,24025304102
24025303502,2010,24,25,31740,31740,24025303502
24025303206,2010,24,25,31741,31741,24025303206
24025303205,2010,24,25,31742,31742,24025303205
24025303204,2010,24,25,31743,31743,24025303204
24025303803,2010,24,25,31744,31744,24025303803
24025303203,2010,24,25,31745,31745,24025303203
24025303801,2010,24,25,31746,31746,24025303801
24025301201,2010,24,25,31747,31747,24025301201
24025301702,2010,24,25,31748,31748,24025301702
24025303602,2010,24,25,31749,31749,24025303602
24025305200,2010,24,25,31750,31750,24025305200
24025303201,2010,24,25,31751,31751,24025303201
24025302801,2010,24,25,31752,31752,24025302801
24025306300,2010,24,25,31753,31753,24025306300
24025305300,2010,24,25,31754,31754,24025305300
24025302901,2010,24,25,31755,31755,24025302901
24025304201,2010,24,25,31756,31756,24025304201
24025303400,2010,24,25,31757,31757,24025303400
24025306400,2010,24,25,31758,31758,24025306400
24025303700,2010,24,25,31759,31759,24025303700
24025303603,2010,24,25,31760,31760,24025303603
24025302802,2010,24,25,31761,31761,24025302802
24025304202,2010,24,25,31762,31762,24025304202
24025303802,2010,24,25,31763,31763,24025303802
24025303605,2010,24,25,31764,31764,24025303605
24025306500,2010,24,25,31765,31765,24025306500
24031700815,2010,24,31,31766,31766,24031700815
24031703209,2010,24,31,31767,31767,24031703209
24031700306,2010,24,31,31768,31768,24031700306
24031703210,2010,24,31,31769,31769,24031703210
24031704600,2010,24,31,31770,31770,24031704600
24031704401,2010,24,31,31771,31771,24031704401
24031705800,2010,24,31,31772,31772,24031705800
24031705300,2010,24,31,31773,31773,24031705300
24031701704,2010,24,31,31774,31774,24031701704
24031702602,2010,24,31,31775,31775,24031702602
24031702800,2010,24,31,31776,31776,24031702800
24031703215,2010,24,31,31777,31777,24031703215
24031700711,2010,24,31,31778,31778,24031700711
24031705701,2010,24,31,31779,31779,24031705701
24031704502,2010,24,31,31780,31780,24031704502
24031703302,2010,24,31,31781,31781,24031703302
24031703213,2010,24,31,31782,31782,24031703213
24031701703,2010,24,31,31783,31783,24031701703
24031701313,2010,24,31,31784,31784,24031701313
24031703403,2010,24,31,31785,31785,24031703403
24031701312,2010,24,31,31786,31786,24031701312
24031700817,2010,24,31,31787,31787,24031700817
24031705400,2010,24,31,31788,31788,24031705400
24031703402,2010,24,31,31789,31789,24031703402
24031701202,2010,24,31,31790,31790,24031701202
24031700400,2010,24,31,31791,31791,24031700400
24031700103,2010,24,31,31792,31792,24031700103
24031701900,2010,24,31,31793,31793,24031701900
24031700101,2010,24,31,31794,31794,24031700101
24031700706,2010,24,31,31795,31795,24031700706
24031700205,2010,24,31,31796,31796,24031700205
24031701002,2010,24,31,31797,31797,24031701002
24031703902,2010,24,31,31798,31798,24031703902
24031703301,2010,24,31,31799,31799,24031703301
24031701701,2010,24,31,31800,31800,24031701701
24031701213,2010,24,31,31801,31801,24031701213
24031702301,2010,24,31,31802,31802,24031702301
24031700818,2010,24,31,31803,31803,24031700818
24031700304,2010,24,31,31804,31804,24031700304
24031701308,2010,24,31,31805,31805,24031701308
24031701307,2010,24,31,31806,31806,24031701307
24031700309,2010,24,31,31807,31807,24031700309
24031704000,2010,24,31,31808,31808,24031704000
24031700704,2010,24,31,31809,31809,24031700704
24031700500,2010,24,31,31810,31810,24031700500
24031701506,2010,24,31,31811,31811,24031701506
24031703208,2010,24,31,31812,31812,24031703208
24031700206,2010,24,31,31813,31813,24031700206
24031701102,2010,24,31,31814,31814,24031701102
24031700308,2010,24,31,31815,31815,24031700308
24031701800,2010,24,31,31816,31816,24031701800
24031702402,2010,24,31,31817,31817,24031702402
24031702401,2010,24,31,31818,31818,24031702401
24031702601,2010,24,31,31819,31819,24031702601
24031702200,2010,24,31,31820,31820,24031702200
24031702101,2010,24,31,31821,31821,24031702101
24031703000,2010,24,31,31822,31822,24031703000
24031705702,2010,24,31,31823,31823,24031705702
24031702700,2010,24,31,31824,31824,24031702700
24031700810,2010,24,31,31825,31825,24031700810
24031700204,2010,24,31,31826,31826,24031700204
24031701005,2010,24,31,31827,31827,24031701005
24031701408,2010,24,31,31828,31828,24031701408
24031700310,2010,24,31,31829,31829,24031700310
24031705602,2010,24,31,31830,31830,24031705602
24031705902,2010,24,31,31831,31831,24031705902
24031705601,2010,24,31,31832,31832,24031705601
24031701702,2010,24,31,31833,31833,24031701702
24031703404,2010,24,31,31834,31834,24031703404
24031701215,2010,24,31,31835,31835,24031701215
24031701414,2010,24,31,31836,31836,24031701414
24031700835,2010,24,31,31837,31837,24031700835
24031700312,2010,24,31,31838,31838,24031700312
24031700207,2010,24,31,31839,31839,24031700207
24031700208,2010,24,31,31840,31840,24031700208
24031701317,2010,24,31,31841,31841,24031701317
24031700819,2010,24,31,31842,31842,24031700819
24031701507,2010,24,31,31843,31843,24031701507
24031700608,2010,24,31,31844,31844,24031700608
24031703207,2010,24,31,31845,31845,24031703207
24031700604,2010,24,31,31846,31846,24031700604
24031701205,2010,24,31,31847,31847,24031701205
24031701417,2010,24,31,31848,31848,24031701417
24031700610,2010,24,31,31849,31849,24031700610
24031701004,2010,24,31,31850,31850,24031701004
24031700105,2010,24,31,31851,31851,24031700105
24031700104,2010,24,31,31852,31852,24031700104
24031700720,2010,24,31,31853,31853,24031700720
24031700830,2010,24,31,31854,31854,24031700830
24031700311,2010,24,31,31855,31855,24031700311
24031700833,2010,24,31,31856,31856,24031700833
24031700722,2010,24,31,31857,31857,24031700722
24031706007,2010,24,31,31858,31858,24031706007
24031700811,2010,24,31,31859,31859,24031700811
24031701211,2010,24,31,31860,31860,24031701211
24031701303,2010,24,31,31861,31861,24031701303
24031703202,2010,24,31,31862,31862,24031703202
24031706005,2010,24,31,31863,31863,24031706005
24031700903,2010,24,31,31864,31864,24031700903
24031700905,2010,24,31,31865,31865,24031700905
24031700614,2010,24,31,31866,31866,24031700614
24031700611,2010,24,31,31867,31867,24031700611
24031700616,2010,24,31,31868,31868,24031700616
24031700820,2010,24,31,31869,31869,24031700820
24031700823,2010,24,31,31870,31870,24031700823
24031700829,2010,24,31,31871,31871,24031700829
24031700822,2010,24,31,31872,31872,24031700822
24031700826,2010,24,31,31873,31873,24031700826
24031700716,2010,24,31,31874,31874,24031700716
24031700715,2010,24,31,31875,31875,24031700715
24031703502,2010,24,31,31876,31876,24031703502
24031704300,2010,24,31,31877,31877,24031704300
24031701206,2010,24,31,31878,31878,24031701206
24031706009,2010,24,31,31879,31879,24031706009
24031706008,2010,24,31,31880,31880,24031706008
24031701306,2010,24,31,31881,31881,24031701306
24031700824,2010,24,31,31882,31882,24031700824
24031700615,2010,24,31,31883,31883,24031700615
24031701220,2010,24,31,31884,31884,24031701220
24031700718,2010,24,31,31885,31885,24031700718
24031700717,2010,24,31,31886,31886,24031700717
24031700719,2010,24,31,31887,31887,24031700719
24031701007,2010,24,31,31888,31888,24031701007
24031701006,2010,24,31,31889,31889,24031701006
24031701214,2010,24,31,31890,31890,24031701214
24031701304,2010,24,31,31891,31891,24031701304
24031704700,2010,24,31,31892,31892,24031704700
24031704503,2010,24,31,31893,31893,24031704503
24031704501,2010,24,31,31894,31894,24031704501
24031701210,2010,24,31,31895,31895,24031701210
24031701410,2010,24,31,31896,31896,24031701410
24031701221,2010,24,31,31897,31897,24031701221
24031700828,2010,24,31,31898,31898,24031700828
24031700724,2010,24,31,31899,31899,24031700724
24031700723,2010,24,31,31900,31900,24031700723
24031700832,2010,24,31,31901,31901,24031700832
24031700721,2010,24,31,31902,31902,24031700721
24031701219,2010,24,31,31903,31903,24031701219
24031700713,2010,24,31,31904,31904,24031700713
24031700902,2010,24,31,31905,31905,24031700902
24031701212,2010,24,31,31906,31906,24031701212
24031700901,2010,24,31,31907,31907,24031700901
24031701001,2010,24,31,31908,31908,24031701001
24031700816,2010,24,31,31909,31909,24031700816
24031700813,2010,24,31,31910,31910,24031700813
24031701101,2010,24,31,31911,31911,24031701101
24031701218,2010,24,31,31912,31912,24031701218
24031701216,2010,24,31,31913,31913,24031701216
24031706011,2010,24,31,31914,31914,24031706011
24031706013,2010,24,31,31915,31915,24031706013
24031706010,2010,24,31,31916,31916,24031706010
24031706012,2010,24,31,31917,31917,24031706012
24031702302,2010,24,31,31918,31918,24031702302
24031700812,2010,24,31,31919,31919,24031700812
24031700904,2010,24,31,31920,31920,24031700904
24031701201,2010,24,31,31921,31921,24031701201
24031705100,2010,24,31,31922,31922,24031705100
24031700607,2010,24,31,31923,31923,24031700607
24031700606,2010,24,31,31924,31924,24031700606
24031705903,2010,24,31,31925,31925,24031705903
24031704404,2010,24,31,31926,31926,24031704404
24031703221,2010,24,31,31927,31927,24031703221
24031703218,2010,24,31,31928,31928,24031703218
24031703219,2010,24,31,31929,31929,24031703219
24031703216,2010,24,31,31930,31930,24031703216
24031701315,2010,24,31,31931,31931,24031701315
24031701316,2010,24,31,31932,31932,24031701316
24031701314,2010,24,31,31933,31933,24031701314
24031703100,2010,24,31,31934,31934,24031703100
24031703206,2010,24,31,31935,31935,24031703206
24031702900,2010,24,31,31936,31936,24031702900
24031705200,2010,24,31,31937,31937,24031705200
24031703201,2010,24,31,31938,31938,24031703201
24031703601,2010,24,31,31939,31939,24031703601
24031702000,2010,24,31,31940,31940,24031702000
24031701421,2010,24,31,31941,31941,24031701421
24031701509,2010,24,31,31942,31942,24031701509
24031701508,2010,24,31,31943,31943,24031701508
24031701420,2010,24,31,31944,31944,24031701420
24031701423,2010,24,31,31945,31945,24031701423
24031701602,2010,24,31,31946,31946,24031701602
24031701601,2010,24,31,31947,31947,24031701601
24031703401,2010,24,31,31948,31948,24031703401
24031703501,2010,24,31,31949,31949,24031703501
24031705000,2010,24,31,31950,31950,24031705000
24031701503,2010,24,31,31951,31951,24031701503
24031702500,2010,24,31,31952,31952,24031702500
24031703212,2010,24,31,31953,31953,24031703212
24031704200,2010,24,31,31954,31954,24031704200
24031703701,2010,24,31,31955,31955,24031703701
24031701415,2010,24,31,31956,31956,24031701415
24031703220,2010,24,31,31957,31957,24031703220
24031704806,2010,24,31,31958,31958,24031704806
24031704804,2010,24,31,31959,31959,24031704804
24031704803,2010,24,31,31960,31960,24031704803
24031705502,2010,24,31,31961,31961,24031705502
24031705501,2010,24,31,31962,31962,24031705501
24031700613,2010,24,31,31963,31963,24031700613
24031700834,2010,24,31,31964,31964,24031700834
24031703214,2010,24,31,31965,31965,24031703214
24031701409,2010,24,31,31966,31966,24031701409
24031705901,2010,24,31,31967,31967,24031705901
24031701407,2010,24,31,31968,31968,24031701407
24031702102,2010,24,31,31969,31969,24031702102
24031703800,2010,24,31,31970,31970,24031703800
24031703702,2010,24,31,31971,31971,24031703702
24031701418,2010,24,31,31972,31972,24031701418
24031704805,2010,24,31,31973,31973,24031704805
24031704403,2010,24,31,31974,31974,24031704403
24031701422,2010,24,31,31975,31975,24031701422
24031704100,2010,24,31,31976,31976,24031704100
24031703602,2010,24,31,31977,31977,24031703602
24031701505,2010,24,31,31978,31978,24031701505
24031703901,2010,24,31,31979,31979,24031703901
24031700710,2010,24,31,31980,31980,24031700710
24003741000,2010,24,3,31981,31981,24003741000
24003701200,2010,24,3,31982,31982,24003701200
24003701300,2010,24,3,31983,31983,24003701300
24003701400,2010,24,3,31984,31984,24003701400
24003701102,2010,24,3,31985,31985,24003701102
24003702100,2010,24,3,31986,31986,24003702100
24003740601,2010,24,3,31987,31987,24003740601
24003702300,2010,24,3,31988,31988,24003702300
24003702601,2010,24,3,31989,31989,24003702601
24003702402,2010,24,3,31990,31990,24003702402
24003702500,2010,24,3,31991,31991,24003702500
24003706401,2010,24,3,31992,31992,24003706401
24003702602,2010,24,3,31993,31993,24003702602
24003707001,2010,24,3,31994,31994,24003707001
24003706402,2010,24,3,31995,31995,24003706402
24003706500,2010,24,3,31996,31996,24003706500
24003706600,2010,24,3,31997,31997,24003706600
24003730700,2010,24,3,31998,31998,24003730700
24003730100,2010,24,3,31999,31999,24003730100
24003730800,2010,24,3,32000,32000,24003730800
24003730901,2010,24,3,32001,32001,24003730901
24003730902,2010,24,3,32002,32002,24003730902
24003731002,2010,24,3,32003,32003,24003731002
24003731103,2010,24,3,32004,32004,24003731103
24003731202,2010,24,3,32005,32005,24003731202
24003731303,2010,24,3,32006,32006,24003731303
24003731306,2010,24,3,32007,32007,24003731306
24003731307,2010,24,3,32008,32008,24003731307
24003731102,2010,24,3,32009,32009,24003731102
24003730204,2010,24,3,32010,32010,24003730204
24003730603,2010,24,3,32011,32011,24003730603
24003730300,2010,24,3,32012,32012,24003730300
24003730402,2010,24,3,32013,32013,24003730402
24003751000,2010,24,3,32014,32014,24003751000
24003731311,2010,24,3,32015,32015,24003731311
24003731203,2010,24,3,32016,32016,24003731203
24003731204,2010,24,3,32017,32017,24003731204
24003731310,2010,24,3,32018,32018,24003731310
24003731309,2010,24,3,32019,32019,24003731309
24003730601,2010,24,3,32020,32020,24003730601
24003730604,2010,24,3,32021,32021,24003730604
24003731201,2010,24,3,32022,32022,24003731201
24003730502,2010,24,3,32023,32023,24003730502
24003730504,2010,24,3,32024,32024,24003730504
24003740102,2010,24,3,32025,32025,24003740102
24003740203,2010,24,3,32026,32026,24003740203
24003740500,2010,24,3,32027,32027,24003740500
24003740800,2010,24,3,32028,32028,24003740800
24003740201,2010,24,3,32029,32029,24003740201
24003740400,2010,24,3,32030,32030,24003740400
24003750801,2010,24,3,32031,32031,24003750801
24003750101,2010,24,3,32032,32032,24003750101
24003750102,2010,24,3,32033,32033,24003750102
24003750202,2010,24,3,32034,32034,24003750202
24003750203,2010,24,3,32035,32035,24003750203
24003730203,2010,24,3,32036,32036,24003730203
24003751103,2010,24,3,32037,32037,24003751103
24003750804,2010,24,3,32038,32038,24003750804
24003750900,2010,24,3,32039,32039,24003750900
24003751102,2010,24,3,32040,32040,24003751102
24003750400,2010,24,3,32041,32041,24003750400
24003750201,2010,24,3,32042,32042,24003750201
24003750300,2010,24,3,32043,32043,24003750300
24003706101,2010,24,3,32044,32044,24003706101
24003706700,2010,24,3,32045,32045,24003706700
24003707002,2010,24,3,32046,32046,24003707002
24003750803,2010,24,3,32047,32047,24003750803
24003730401,2010,24,3,32048,32048,24003730401
24003740103,2010,24,3,32049,32049,24003740103
24003731308,2010,24,3,32050,32050,24003731308
24003740602,2010,24,3,32051,32051,24003740602
24003701101,2010,24,3,32052,32052,24003701101
24003740303,2010,24,3,32053,32053,24003740303
24003740900,2010,24,3,32054,32054,24003740900
24003740104,2010,24,3,32055,32055,24003740104
24003740105,2010,24,3,32056,32056,24003740105
24003740603,2010,24,3,32057,32057,24003740603
24003702204,2010,24,3,32058,32058,24003702204
24003990000,2010,24,3,32059,32059,24003990000
24003708004,2010,24,3,32060,32060,24003708004
24003708001,2010,24,3,32061,32061,24003708001
24003702702,2010,24,3,32062,32062,24003702702
24003740702,2010,24,3,32063,32063,24003740702
24003702205,2010,24,3,32064,32064,24003702205
24003702209,2010,24,3,32065,32065,24003702209
24003702206,2010,24,3,32066,32066,24003702206
24003706302,2010,24,3,32067,32067,24003706302
24003706301,2010,24,3,32068,32068,24003706301
24003702701,2010,24,3,32069,32069,24003702701
24003730506,2010,24,3,32070,32070,24003730506
24003730505,2010,24,3,32071,32071,24003730505
24003731105,2010,24,3,32072,32072,24003731105
24003731104,2010,24,3,32073,32073,24003731104
24003731004,2010,24,3,32074,32074,24003731004
24003731003,2010,24,3,32075,32075,24003731003
24003740305,2010,24,3,32076,32076,24003740305
24003740701,2010,24,3,32077,32077,24003740701
24003740304,2010,24,3,32078,32078,24003740304
24003980000,2010,24,3,32079,32079,24003980000
24003702208,2010,24,3,32080,32080,24003702208
24003751700,2010,24,3,32081,32081,24003751700
24003751600,2010,24,3,32082,32082,24003751600
24003751400,2010,24,3,32083,32083,24003751400
24003751200,2010,24,3,32084,32084,24003751200
24003751500,2010,24,3,32085,32085,24003751500
24009860502,2010,24,9,32086,32086,24009860502
24009860600,2010,24,9,32087,32087,24009860600
24009860801,2010,24,9,32088,32088,24009860801
24009860802,2010,24,9,32089,32089,24009860802
24009860401,2010,24,9,32090,32090,24009860401
24009861001,2010,24,9,32091,32091,24009861001
24009860900,2010,24,9,32092,32092,24009860900
24009860200,2010,24,9,32093,32093,24009860200
24009860102,2010,24,9,32094,32094,24009860102
24009860300,2010,24,9,32095,32095,24009860300
24009860701,2010,24,9,32096,32096,24009860701
24009860501,2010,24,9,32097,32097,24009860501
24009860101,2010,24,9,32098,32098,24009860101
24009860702,2010,24,9,32099,32099,24009860702
24009860703,2010,24,9,32100,32100,24009860703
24009860402,2010,24,9,32101,32101,24009860402
24009861004,2010,24,9,32102,32102,24009861004
24009861003,2010,24,9,32103,32103,24009861003
24009990100,2010,24,9,32104,32104,24009990100
24027601201,2010,24,27,32105,32105,24027601201
24027602302,2010,24,27,32106,32106,24027602302
24027602100,2010,24,27,32107,32107,24027602100
24027602303,2010,24,27,32108,32108,24027602303
24027602306,2010,24,27,32109,32109,24027602306
24027602304,2010,24,27,32110,32110,24027602304
24027602600,2010,24,27,32111,32111,24027602600
24027602700,2010,24,27,32112,32112,24027602700
24027602800,2010,24,27,32113,32113,24027602800
24027602900,2010,24,27,32114,32114,24027602900
24027602305,2010,24,27,32115,32115,24027602305
24027605503,2010,24,27,32116,32116,24027605503
24027605102,2010,24,27,32117,32117,24027605102
24027605601,2010,24,27,32118,32118,24027605601
24027606604,2010,24,27,32119,32119,24027606604
24027605402,2010,24,27,32120,32120,24027605402
24027605502,2010,24,27,32121,32121,24027605502
24027605401,2010,24,27,32122,32122,24027605401
24027605602,2010,24,27,32123,32123,24027605602
24027606901,2010,24,27,32124,32124,24027606901
24027606705,2010,24,27,32125,32125,24027606705
24027606601,2010,24,27,32126,32126,24027606601
24027606804,2010,24,27,32127,32127,24027606804
24027606603,2010,24,27,32128,32128,24027606603
24027606701,2010,24,27,32129,32129,24027606701
24027606704,2010,24,27,32130,32130,24027606704
24027606803,2010,24,27,32131,32131,24027606803
24027604001,2010,24,27,32132,32132,24027604001
24027604002,2010,24,27,32133,32133,24027604002
24027601204,2010,24,27,32134,32134,24027601204
24027601203,2010,24,27,32135,32135,24027601203
24027601103,2010,24,27,32136,32136,24027601103
24027601104,2010,24,27,32137,32137,24027601104
24027606607,2010,24,27,32138,32138,24027606607
24027601105,2010,24,27,32139,32139,24027601105
24027606606,2010,24,27,32140,32140,24027606606
24027601108,2010,24,27,32141,32141,24027601108
24027606706,2010,24,27,32142,32142,24027606706
24027602202,2010,24,27,32143,32143,24027602202
24027603004,2010,24,27,32144,32144,24027603004
24027605104,2010,24,27,32145,32145,24027605104
24027603003,2010,24,27,32146,32146,24027603003
24027603001,2010,24,27,32147,32147,24027603001
24027605505,2010,24,27,32148,32148,24027605505
24027605103,2010,24,27,32149,32149,24027605103
24027606806,2010,24,27,32150,32150,24027606806
24027606905,2010,24,27,32151,32151,24027606905
24027606907,2010,24,27,32152,32152,24027606907
24027606805,2010,24,27,32153,32153,24027606805
24027606707,2010,24,27,32154,32154,24027606707
24027601107,2010,24,27,32155,32155,24027601107
24027602201,2010,24,27,32156,32156,24027602201
24027605504,2010,24,27,32157,32157,24027605504
24027606904,2010,24,27,32158,32158,24027606904
24027606906,2010,24,27,32159,32159,24027606906
